<?xml version="1.0" encoding="UTF-8"?>
<datasources xmlns:xsi="http://www.w3.org/2001/XMLSchema-instance"
             xmlns="http://www.ironjacamar.org/doc/schema"
             xsi:schemaLocation="http://www.ironjacamar.org/doc/schema
             http://www.ironjacamar.org/doc/schema/datasources_1_2.xsd">

    <datasource jndi-name="java:jboss/datasources/plabeduDS" pool-name="plabeduDS">
        <connection-url>jdbc:oracle:thin:@localhost:1521:sid</connection-url>
        <driver>oracle</driver>
        <new-connection-sql>BEGIN EXECUTE IMMEDIATE 'ALTER SESSION SET CURRENT_SCHEMA = plabedu'; END;
        </new-connection-sql>
        <security>
            <user-name>www_plabedu</user-name>
            <password>www_plabedu</password>
        </security>
    </datasource>

</datasources>