<?xml version="1.0" encoding="UTF-8"?>
<ruleset xmlns="http://mojo.codehaus.org/versions-maven-plugin/rule/2.0.0"
         xmlns:xsi="http://www.w3.org/2001/XMLSchema-instance" comparisonMethod="maven"
         xsi:schemaLocation="http://mojo.codehaus.org/versions-maven-plugin/rule/2.0.0 http://mojo.codehaus.org/versions-maven-plugin/xsd/rule-2.0.0.xsd">
    <ignoreVersions>
        <!-- Ignore noms de versions que denoten que no són finals -->
        <ignoreVersion type="regex">(?i).*Alpha(?:-?\d+)?</ignoreVersion>
        <ignoreVersion type="regex">(?i).*Beta(?:-?\d+)?</ignoreVersion>
        <ignoreVersion type="regex">(?i).*RC(?:-?\d+)?</ignoreVersion>
        <ignoreVersion type="regex">(?i).*-b(?:-?\d+.\d+)?</ignoreVersion>
        <ignoreVersion type="regex">(?i).*CR(?:-?\d+)?</ignoreVersion>
        <ignoreVersion type="regex">(?i).*CD(?:-?\d+)?</ignoreVersion>
        <ignoreVersion type="regex">(?i).*M(?:-?\d+)?</ignoreVersion>
    </ignoreVersions>
    <rules>
    </rules>
</ruleset>