{
  "data": [
    {
   	  "id": "1",
      "Unitat i destinació": "IES JUNIPER SERRA (Palma)",
      "Ordre preferència": "0"
    },{
      "id": "2",
      "Unitat i destinació": "IES MOSSEN ALCOVER (Manacor)",
      "Ordre preferència": "0"
    },{
      "id": "3",
      "Unitat i destinació": "IES SON FERRER (Calvià)",
      "Ordre preferència": "0"
    },{
      "id": "4",
      "Unitat i destinació": "IES SANTA MARGALIDA (Santa Margalida)",
      "Ordre preferència": "0"
    },{
      "id": "5",
      "Unitat i destinació": "IES CAPDEPERA (Capdepera)",
      "Ordre preferència": "0"
    }
  ]
}