<subsystem xmlns="urn:jboss:domain:keycloak:1.1">
    <realm name="GOIB">
        <auth-server-url>http://localhost:8180/auth</auth-server-url>
        <ssl-required>EXTERNAL</ssl-required>
    </realm>
    <!-- BACK START -->
    <secure-deployment name="plabedu-back.war">
        <realm>GOIB</realm>
        <resource>goib-default</resource>
        <use-resource-role-mappings>false</use-resource-role-mappings>
        <public-client>true</public-client>
        <principal-attribute>preferred_username</principal-attribute>
        <verify-token-audience>true</verify-token-audience>
    </secure-deployment>
    <!-- BACK END -->
    
</subsystem>
