<?xml version="1.0" encoding="UTF-8"?>
<ejb-jar xmlns="http://xmlns.jcp.org/xml/ns/javaee"
	xmlns:xsi="http://www.w3.org/2001/XMLSchema-instance"
	xsi:schemaLocation="http://xmlns.jcp.org/xml/ns/javaee
        http://xmlns.jcp.org/xml/ns/javaee/ejb-jar_3_2.xsd"
	version="3.2">

	<!-- Aquest descriptor es podria llevar simplement anotant la classe ServiceException 
		amb @ApplicationException(rollback=true), però atès que aquesta classe està 
		definida a la capa de serveis així evitam que tengui dependències sobre classes 
		de l'API dels EJBs -->
	<assembly-descriptor>
		<security-role>
			<description>Administrador</description>
			<role-name>PLE_ADMIN</role-name>
		</security-role>
		<security-role>
			<description>Usuari</description>
			<role-name>PLE_USER</role-name>
		</security-role>
		<security-role>
			<description>Usuari-Borsa</description>
			<role-name>PLE_BORSA</role-name>
		</security-role>
		<application-exception>
			<exception-class>es.caib.plabedu.service.exception.ServiceException</exception-class>
			<rollback>true</rollback>
		</application-exception>
	</assembly-descriptor>

</ejb-jar>