<?xml version="1.0" encoding="UTF-8"?>
<datasources xmlns:xsi="http://www.w3.org/2001/XMLSchema-instance"
             xmlns="http://www.ironjacamar.org/doc/schema"
             xsi:schemaLocation="http://www.ironjacamar.org/doc/schema
             http://www.ironjacamar.org/doc/schema/datasources_1_2.xsd">

    <datasource jndi-name="java:jboss/datasources/plabeduDS" pool-name="plabeduDS">
        <connection-url>jdbc:postgresql://localhost:5432/plabedu</connection-url>
        <driver>postgresql</driver>
        <security>
            <user-name>plabedu</user-name>
            <password>plabedu</password>
        </security>
    </datasource>

</datasources>